{"cameraMode":{"drawMode":0,"name":"Shaded","section":"Shading Mode"},"sceneLighting":false,"audioPlay":false,"sceneViewState":{"m_AlwaysRefresh":false,"showFog":true,"showSkybox":false,"showFlares":true,"showImageEffects":true,"showParticleSystems":true,"showVisualEffectGraphs":true,"m_FxEnabled":true},"in2DMode":false,"pivot":{"x":7.105462074279785,"y":-9.395206451416016,"z":39.004573822021487},"rotation":{"x":0.035680774599313739,"y":0.008722476661205292,"z":0.0002789211575873196,"w":-0.9993629455566406},"size":16.24795913696289,"orthographic":false}