{"cameraMode":{"drawMode":0,"name":"Shaded","section":"Shading Mode"},"sceneLighting":false,"audioPlay":false,"sceneViewState":{"m_AlwaysRefresh":false,"showFog":true,"showSkybox":true,"showFlares":true,"showImageEffects":true,"showParticleSystems":true,"showVisualEffectGraphs":true,"m_FxEnabled":true},"in2DMode":false,"pivot":{"x":34.30642318725586,"y":24.458417892456056,"z":250.8870086669922},"rotation":{"x":0.07938767969608307,"y":-0.026912100613117219,"z":0.002140820724889636,"w":0.9964883923530579},"size":6.123724937438965,"orthographic":false}