{"cameraMode":{"drawMode":0,"name":"Shaded","section":"Shading Mode"},"sceneLighting":false,"audioPlay":false,"sceneViewState":{"m_AlwaysRefresh":false,"showFog":true,"showSkybox":false,"showFlares":true,"showImageEffects":true,"showParticleSystems":true,"showVisualEffectGraphs":true,"m_FxEnabled":true},"in2DMode":false,"pivot":{"x":161.8931884765625,"y":159.66976928710938,"z":-74.09465026855469},"rotation":{"x":0.07492966204881668,"y":0.0014957390958443285,"z":-0.00011240193998673931,"w":0.9971876740455627},"size":75.31095886230469,"orthographic":false}